ID,Reason_absence,year,Month,Day_week,Seasons,Transportation_expense,Distance_Residence_Work,Service_time,Age,Work_Average,Target,Disciplinary_failure,Education,Son,Drinker,Smoker,Pet,Weight,Height,Body_mass_index,Absenteeism_time,Salary
36,0,2008,7,3,1,118,13,18,50,4,97,1,1,1,1,0,0,98,178,31,0,13188.50867
20,1,2008,7,2,1,260,50,11,36,4,97,0,1,4,1,0,0,65,168,23,8,13102.11584
20,1,2008,7,3,1,260,50,11,36,4,97,0,1,4,1,0,0,65,168,23,8,13099.07024
7,7,2008,7,5,1,279,5,14,39,4,97,0,1,2,1,1,0,68,168,24,4,13167.50261
20,11,2008,7,4,1,260,50,11,36,4,97,0,1,4,1,0,0,65,168,23,8,13098.70033
3,11,2008,7,4,1,179,51,18,38,4,97,0,1,0,1,0,0,89,170,31,1,13097.4462
6,11,2008,7,5,1,189,29,13,33,4,97,0,1,2,0,0,2,69,167,25,8,13032.44852
24,14,2008,7,6,1,246,25,16,41,4,97,0,1,0,1,0,0,67,170,23,8,13067.12148
14,19,2008,7,2,1,155,12,14,34,4,97,0,1,2,1,0,0,95,196,25,40,13114.88493
3,21,2008,7,2,1,179,51,18,38,4,97,0,1,0,1,0,0,89,170,31,8,13043.08077
1,22,2008,7,2,1,235,11,14,37,4,97,0,3,1,0,0,1,88,172,29,8,17656.37047
10,22,2008,7,6,1,361,52,3,28,4,97,0,1,1,1,0,4,80,172,27,8,13146.52624
3,23,2008,7,4,1,179,51,18,38,4,97,0,1,0,1,0,0,89,170,31,2,13179.6495
3,23,2008,7,4,1,179,51,18,38,4,97,0,1,0,1,0,0,89,170,31,4,13069.49583
11,23,2008,7,5,1,289,36,13,33,4,97,0,1,2,1,0,1,90,172,30,2,13156.91224
20,23,2008,7,6,1,260,50,11,36,4,97,0,1,4,1,0,0,65,168,23,4,13136.11284
3,23,2008,7,6,1,179,51,18,38,4,97,0,1,0,1,0,0,89,170,31,2,13148.51628
3,23,2008,7,6,1,179,51,18,38,4,97,0,1,0,1,0,0,89,170,31,2,13065.92149
11,26,2008,7,3,1,289,36,13,33,4,97,0,1,2,1,0,1,90,172,30,4,13204.20083
18,10,2008,8,4,1,330,16,4,28,3.4,92,0,2,0,0,0,0,84,182,25,8,16837.89816
3,11,2008,8,2,1,179,51,18,38,3.4,92,0,1,0,1,0,0,89,170,31,1,10597.36889
19,11,2008,8,5,1,291,50,12,32,3.4,92,0,1,0,1,0,0,65,169,23,4,9358.268811
10,13,2008,8,2,1,361,52,3,28,3.4,92,0,1,1,1,0,4,80,172,27,40,10555.12525
11,18,2008,8,2,1,289,36,13,33,3.4,92,0,1,2,1,0,1,90,172,30,8,10479.15317
3,18,2008,8,2,1,179,51,18,38,3.4,92,0,1,0,1,0,0,89,170,31,8,9776.996859
2,18,2008,8,2,1,235,29,12,48,3.4,92,0,1,1,0,1,5,88,163,33,8,9625.367116
11,18,2008,8,4,1,289,36,13,33,3.4,92,0,1,2,1,0,1,90,172,30,8,9894.173608
2,18,2008,8,5,1,235,29,12,48,3.4,92,0,1,1,0,1,5,88,163,33,8,9739.025979
10,23,2008,8,2,1,361,52,3,28,3.4,92,0,1,1,1,0,4,80,172,27,1,9424.298778
3,23,2008,8,2,1,179,51,18,38,3.4,92,0,1,0,1,0,0,89,170,31,2,9569.592805
11,23,2008,8,3,1,289,36,13,33,3.4,92,0,1,2,1,0,1,90,172,30,1,10187.55164
33,23,2008,8,4,1,248,25,14,47,3.4,92,0,1,2,0,0,1,86,165,32,2,10719.57536
1,23,2008,8,5,1,235,11,14,37,3.4,92,0,3,1,0,0,1,88,172,29,4,17430.34537
20,23,2008,8,6,1,260,50,11,36,3.4,92,0,1,4,1,0,0,65,168,23,4,8832.34056
3,23,2008,8,6,1,179,51,18,38,3.4,92,0,1,0,1,0,0,89,170,31,2,9878.520736
11,24,2008,8,3,1,289,36,13,33,3.4,92,0,1,2,1,0,1,90,172,30,8,9400.482264
10,25,2008,8,2,1,361,52,3,28,3.4,92,0,1,1,1,0,4,80,172,27,7,10441.89568
30,28,2008,8,4,1,157,27,6,29,3.4,92,0,1,0,1,1,0,75,185,22,4,9948.296012
20,28,2008,8,6,1,260,50,11,36,3.4,92,0,1,4,1,0,0,65,168,23,4,10502.79105
2,28,2008,8,6,1,235,29,12,48,3.4,92,0,1,1,0,1,5,88,163,33,8,9334.355144
29,0,2008,9,2,4,225,26,9,28,4,92,1,1,1,0,0,2,69,169,24,0,13346.21329
20,0,2008,9,2,4,260,50,11,36,4,92,1,1,4,1,0,0,65,168,23,0,13357.14952
36,0,2008,9,3,4,118,13,18,50,4,92,1,1,1,1,0,0,98,178,31,0,13277.21663
11,0,2008,9,3,4,289,36,13,33,4,92,1,1,2,1,0,1,90,172,30,0,13327.32602
13,0,2008,9,4,4,369,17,12,31,4,92,1,1,3,1,0,0,70,169,25,0,13227.3946
15,14,2008,9,2,4,291,31,12,40,4,92,0,1,1,1,0,1,73,171,25,32,13358.11634
28,18,2008,9,4,4,225,26,9,28,4,92,0,1,1,0,0,2,69,169,24,3,13276.6492
5,19,2008,9,3,1,235,20,13,43,4,92,0,1,1,1,0,0,106,167,38,8,13411.28256
20,22,2008,9,6,1,260,50,11,36,4,92,0,1,4,1,0,0,65,168,23,8,13366.84353
34,23,2008,9,2,1,118,10,10,37,4,92,0,1,0,0,0,0,83,172,28,4,13421.64732
34,23,2008,9,2,1,118,10,10,37,4,92,0,1,0,0,0,0,83,172,28,3,13397.14353
27,23,2008,9,3,1,184,42,7,27,4,92,0,1,0,0,0,0,58,167,21,2,13453.84701
3,23,2008,9,3,1,179,51,18,38,4,92,0,1,0,1,0,0,89,170,31,4,13421.21857
3,23,2008,9,3,1,179,51,18,38,4,92,0,1,0,1,0,0,89,170,31,3,13392.24424
14,23,2008,9,4,1,155,12,14,34,4,92,0,1,2,1,0,0,95,196,25,2,13403.18409
15,23,2008,9,5,1,291,31,12,40,4,92,0,1,1,1,0,1,73,171,25,4,13388.91654
34,23,2008,9,3,4,118,10,10,37,4,92,0,1,0,0,0,0,83,172,28,2,13328.06612
28,23,2008,9,3,4,225,26,9,28,4,92,0,1,1,0,0,2,69,169,24,2,13330.37972
3,23,2008,9,4,4,179,51,18,38,4,92,0,1,0,1,0,0,89,170,31,3,13235.16913
33,23,2008,9,6,4,248,25,14,47,4,92,0,1,2,0,0,1,86,165,32,1,13214.72302
20,23,2008,9,6,4,260,50,11,36,4,92,0,1,4,1,0,0,65,168,23,4,13207.82125
3,23,2008,9,6,4,179,51,18,38,4,92,0,1,0,1,0,0,89,170,31,3,13211.35634
36,0,2008,10,4,4,118,13,18,50,4.2,93,1,1,1,1,0,0,98,178,31,0,14141.47759
15,14,2008,10,3,4,291,31,12,40,4.2,93,0,1,1,1,0,1,73,171,25,8,14035.61462
20,19,2008,10,5,4,260,50,11,36,4.2,93,0,1,4,1,0,0,65,168,23,16,14067.7807
34,23,2008,10,3,4,118,10,10,37,4.2,93,0,1,0,0,0,0,83,172,28,3,14142.18597
34,23,2008,10,3,4,118,10,10,37,4.2,93,0,1,0,0,0,0,83,172,28,3,14100.04856
3,23,2008,10,3,4,179,51,18,38,4.2,93,0,1,0,1,0,0,89,170,31,3,14142.71354
33,23,2008,10,4,4,248,25,14,47,4.2,93,0,1,2,0,0,1,86,165,32,2,14089.01769
28,23,2008,10,4,4,225,26,9,28,4.2,93,0,1,1,0,0,2,69,169,24,2,14094.16222
28,23,2008,10,4,4,225,26,9,28,4.2,93,0,1,1,0,0,2,69,169,24,3,14071.76679
3,23,2008,10,4,4,179,51,18,38,4.2,93,0,1,0,1,0,0,89,170,31,8,14071.85428
22,23,2008,10,5,4,179,26,9,30,4.2,93,0,3,0,0,0,0,56,171,19,1,18142.42505
15,23,2008,10,5,4,291,31,12,40,4.2,93,0,1,1,1,0,1,73,171,25,5,14087.37363
28,23,2008,10,6,4,225,26,9,28,4.2,93,0,1,1,0,0,2,69,169,24,3,14112.34345
10,23,2008,10,6,4,361,52,3,28,4.2,93,0,1,1,1,0,4,80,172,27,1,14008.5785
3,23,2008,10,6,4,179,51,18,38,4.2,93,0,1,0,1,0,0,89,170,31,3,14119.27745
11,26,2008,10,4,4,289,36,13,33,4.2,93,0,1,2,1,0,1,90,172,30,8,14017.63076
28,28,2008,10,3,4,225,26,9,28,4.2,93,0,1,1,0,0,2,69,169,24,2,14023.55745
20,28,2008,10,6,4,260,50,11,36,4.2,93,0,1,4,1,0,0,65,168,23,3,13989.88129
14,6,2008,11,6,4,155,12,14,34,5.1,93,0,1,2,1,0,0,95,196,25,8,15805.50338
11,7,2008,11,4,4,289,36,13,33,5.1,93,0,1,2,1,0,1,90,172,30,24,15733.89277
14,10,2008,11,2,4,155,12,14,34,5.1,93,0,1,2,1,0,0,95,196,25,32,15829.39616
3,13,2008,11,5,4,179,51,18,38,5.1,93,0,1,0,1,0,0,89,170,31,8,15846.77205
28,13,2008,11,6,4,225,26,9,28,5.1,93,0,1,1,0,0,2,69,169,24,3,15785.50378
15,14,2008,11,2,4,291,31,12,40,5.1,93,0,1,1,1,0,1,73,171,25,40,15809.97127
17,21,2008,11,4,4,179,22,17,40,5.1,93,0,2,2,0,1,0,63,170,22,8,17322.36539
17,21,2008,11,5,4,179,22,17,40,5.1,93,0,2,2,0,1,0,63,170,22,8,17326.60238
6,22,2008,11,2,4,189,29,13,33,5.1,93,0,1,2,0,0,2,69,167,25,8,15810.41875
28,23,2008,11,4,4,225,26,9,28,5.1,93,0,1,1,0,0,2,69,169,24,1,15847.18595
28,23,2008,11,4,4,225,26,9,28,5.1,93,0,1,1,0,0,2,69,169,24,1,15806.28814
28,23,2008,11,4,4,225,26,9,28,5.1,93,0,1,1,0,0,2,69,169,24,3,15785.84804
15,23,2008,11,5,4,291,31,12,40,5.1,93,0,1,1,1,0,1,73,171,25,5,15830.93171
15,23,2008,11,5,4,291,31,12,40,5.1,93,0,1,1,1,0,1,73,171,25,3,15713.23712
3,23,2008,11,5,4,179,51,18,38,5.1,93,0,1,0,1,0,0,89,170,31,1,15850.05712
33,28,2008,11,2,4,248,25,14,47,5.1,93,0,1,2,0,0,1,86,165,32,1,15751.88426
28,28,2008,11,3,4,225,26,9,28,5.1,93,0,1,1,0,0,2,69,169,24,3,15749.95514
20,28,2008,11,6,4,260,50,11,36,5.1,93,0,1,4,1,0,0,65,168,23,4,15758.17257
24,19,2008,12,6,2,246,25,16,41,4.4,97,0,1,0,1,0,0,67,170,23,8,14251.60526
34,19,2008,12,3,4,118,10,10,37,4.4,97,0,1,0,0,0,0,83,172,28,64,14293.50129
34,19,2008,12,3,4,118,10,10,37,4.4,97,0,1,0,0,0,0,83,172,28,56,14276.21053
10,22,2008,12,4,4,361,52,3,28,4.4,97,0,1,1,1,0,4,80,172,27,8,14275.73917
10,22,2008,12,4,4,361,52,3,28,4.4,97,0,1,1,1,0,4,80,172,27,8,14258.25733
28,23,2008,12,6,2,225,26,9,28,4.4,97,0,1,1,0,0,2,69,169,24,2,14241.20158
33,23,2008,12,3,4,248,25,14,47,4.4,97,0,1,2,0,0,1,86,165,32,1,14301.79353
28,23,2008,12,3,4,225,26,9,28,4.4,97,0,1,1,0,0,2,69,169,24,2,14261.5027
36,23,2008,12,4,4,118,13,18,50,4.4,97,0,1,1,1,0,0,98,178,31,2,14291.16654
28,23,2008,12,5,4,225,26,9,28,4.4,97,0,1,1,0,0,2,69,169,24,2,14290.66162
1,26,2008,12,4,4,235,11,14,37,4.4,97,0,3,1,0,0,1,88,172,29,8,18175.76972
20,26,2008,12,6,4,260,50,11,36,4.4,97,0,1,4,1,0,0,65,168,23,8,14284.12417
34,27,2008,12,6,4,118,10,10,37,4.4,97,0,1,0,0,0,0,83,172,28,2,14252.71357
28,28,2008,12,5,4,225,26,9,28,4.4,97,0,1,1,0,0,2,69,169,24,3,14272.91624
20,28,2008,12,6,4,260,50,11,36,4.4,97,0,1,4,1,0,0,65,168,23,3,14265.65212
22,18,2009,1,3,2,179,26,9,30,5.1,95,0,3,0,0,0,0,56,171,19,8,19191.98066
14,18,2009,1,3,2,155,12,14,34,5.1,95,0,1,2,1,0,0,95,196,25,8,16028.80812
11,18,2009,1,3,2,289,36,13,33,5.1,95,0,1,2,1,0,1,90,172,30,8,15903.56461
34,19,2009,1,2,2,118,10,10,37,5.1,95,0,1,0,0,0,0,83,172,28,1,16029.83776
11,22,2009,1,5,2,289,36,13,33,5.1,95,0,1,2,1,0,1,90,172,30,3,15853.60556
28,23,2009,1,3,2,225,26,9,28,5.1,95,0,1,1,0,0,2,69,169,24,1,15875.66797
28,23,2009,1,4,2,225,26,9,28,5.1,95,0,1,1,0,0,2,69,169,24,1,16032.00261
27,23,2009,1,5,2,184,42,7,27,5.1,95,0,1,0,0,0,0,58,167,21,2,16016.71197
27,23,2009,1,5,2,184,42,7,27,5.1,95,0,1,0,0,0,0,58,167,21,2,15886.7997
34,27,2009,1,2,2,118,10,10,37,5.1,95,0,1,0,0,0,0,83,172,28,2,15974.90659
34,27,2009,1,2,2,118,10,10,37,5.1,95,0,1,0,0,0,0,83,172,28,2,15943.89499
34,27,2009,1,2,2,118,10,10,37,5.1,95,0,1,0,0,0,0,83,172,28,0,15880.56779
34,27,2009,1,3,2,118,10,10,37,5.1,95,0,1,0,0,0,0,83,172,28,1,16029.0013
34,27,2009,1,3,2,118,10,10,37,5.1,95,0,1,0,0,0,0,83,172,28,2,15968.34895
34,27,2009,1,3,2,118,10,10,37,5.1,95,0,1,0,0,0,0,83,172,28,2,15942.21211
28,27,2009,1,3,2,225,26,9,28,5.1,95,0,1,1,0,0,2,69,169,24,2,15969.79686
34,27,2009,1,4,2,118,10,10,37,5.1,95,0,1,0,0,0,0,83,172,28,2,15965.47654
34,27,2009,1,4,2,118,10,10,37,5.1,95,0,1,0,0,0,0,83,172,28,2,15892.0399
28,27,2009,1,4,2,225,26,9,28,5.1,95,0,1,1,0,0,2,69,169,24,2,16022.03918
34,27,2009,1,5,2,118,10,10,37,5.1,95,0,1,0,0,0,0,83,172,28,2,15958.04191
34,27,2009,1,5,2,118,10,10,37,5.1,95,0,1,0,0,0,0,83,172,28,2,15883.78202
34,27,2009,1,6,2,118,10,10,37,5.1,95,0,1,0,0,0,0,83,172,28,2,15949.0643
28,27,2009,1,6,2,225,26,9,28,5.1,95,0,1,1,0,0,2,69,169,24,1,15979.96492
28,28,2009,1,5,2,225,26,9,28,5.1,95,0,1,1,0,0,2,69,169,24,2,16002.18075
31,1,2009,2,3,2,388,15,9,50,5,99,0,1,0,0,0,0,76,178,24,8,15679.00367
24,1,2009,2,4,2,246,25,16,41,5,99,0,1,0,1,0,0,67,170,23,8,15709.63651
31,11,2009,2,2,2,388,15,9,50,5,99,0,1,0,0,0,0,76,178,24,8,15680.98501
3,11,2009,2,4,2,179,51,18,38,5,99,0,1,0,1,0,0,89,170,31,8,15700.32805
18,18,2009,2,2,2,330,16,4,28,5,99,0,2,0,0,0,0,84,182,25,8,17319.94344
6,19,2009,2,5,2,189,29,13,33,5,99,0,1,2,0,0,2,69,167,25,8,15639.10988
11,22,2009,2,6,2,289,36,13,33,5,99,0,1,2,1,0,1,90,172,30,8,15685.50525
28,23,2009,2,3,2,225,26,9,28,5,99,0,1,1,0,0,2,69,169,24,2,15656.25701
27,23,2009,2,3,2,184,42,7,27,5,99,0,1,0,0,0,0,58,167,21,8,15651.91237
22,23,2009,2,3,2,179,26,9,30,5,99,0,3,0,0,0,0,56,171,19,1,19073.5197
18,23,2009,2,3,2,330,16,4,28,5,99,0,2,0,0,0,0,84,182,25,1,17309.98088
28,23,2009,2,4,2,225,26,9,28,5,99,0,1,1,0,0,2,69,169,24,1,15639.52727
6,23,2009,2,5,2,189,29,13,33,5,99,0,1,2,0,0,2,69,167,25,8,15687.7668
27,23,2009,2,6,2,184,42,7,27,5,99,0,1,0,0,0,0,58,167,21,1,15711.47675
28,25,2009,2,5,2,225,26,9,28,5,99,0,1,1,0,0,2,69,169,24,3,15641.03771
28,28,2009,2,2,2,225,26,9,28,5,99,0,1,1,0,0,2,69,169,24,2,15675.36424
14,28,2009,2,5,2,155,12,14,34,5,99,0,1,2,1,0,0,95,196,25,2,15697.77097
20,28,2009,2,6,2,260,50,11,36,5,99,0,1,4,1,0,0,65,168,23,2,15686.36834
14,1,2009,3,2,2,155,12,14,34,5.7,95,0,1,2,1,0,0,95,196,25,16,16445.50612
11,6,2009,3,5,2,289,36,13,33,5.7,95,0,1,2,1,0,1,90,172,30,8,16443.01445
17,8,2009,3,5,2,179,22,17,40,5.7,95,0,2,2,0,1,0,63,170,22,8,17397.23119
17,11,2009,3,2,2,179,22,17,40,5.7,95,0,2,2,0,1,0,63,170,22,40,17397.24868
28,11,2009,3,2,3,225,26,9,28,5.7,95,0,1,1,0,0,2,69,169,24,8,16390.5394
28,11,2009,3,3,3,225,26,9,28,5.7,95,0,1,1,0,0,2,69,169,24,8,16389.63182
28,11,2009,3,4,3,225,26,9,28,5.7,95,0,1,1,0,0,2,69,169,24,16,16388.33466
14,13,2009,3,3,2,155,12,14,34,5.7,95,0,1,2,1,0,0,95,196,25,8,16443.30462
3,13,2009,3,3,2,179,51,18,38,5.7,95,0,1,0,1,0,0,89,170,31,24,16407.47381
20,13,2009,3,4,2,260,50,11,36,5.7,95,0,1,4,1,0,0,65,168,23,8,16467.12219
22,13,2009,3,5,2,179,26,9,30,5.7,95,0,3,0,0,0,0,56,171,19,8,20152.73544
20,13,2009,3,6,2,260,50,11,36,5.7,95,0,1,4,1,0,0,65,168,23,40,16456.48935
22,13,2009,3,2,3,179,26,9,30,5.7,95,0,3,0,0,0,0,56,171,19,1,19929.98601
3,13,2009,3,4,3,179,51,18,38,5.7,95,0,1,0,1,0,0,89,170,31,3,16372.59267
7,14,2009,3,2,2,279,5,14,39,5.7,95,0,1,2,1,1,0,68,168,24,8,16419.52399
33,14,2009,3,6,2,248,25,14,47,5.7,95,0,1,2,0,0,1,86,165,32,3,16465.65065
7,14,2009,3,5,3,279,5,14,39,5.7,95,0,1,2,1,1,0,68,168,24,16,16364.82054
33,14,2009,3,6,3,248,25,14,47,5.7,95,0,1,2,0,0,1,86,165,32,3,16356.18333
17,17,2009,3,3,2,179,22,17,40,5.7,95,0,2,2,0,1,0,63,170,22,8,17417.77832
30,19,2009,3,3,2,157,27,6,29,5.7,95,0,1,0,1,1,0,75,185,22,3,16522.68643
20,19,2009,3,3,2,260,50,11,36,5.7,95,0,1,4,1,0,0,65,168,23,8,16535.26957
15,22,2009,3,4,2,291,31,12,40,5.7,95,0,1,1,1,0,1,73,171,25,8,16492.43031
28,23,2009,3,4,2,225,26,9,28,5.7,95,0,1,1,0,0,2,69,169,24,2,16394.81425
28,23,2009,3,6,2,225,26,9,28,5.7,95,0,1,1,0,0,2,69,169,24,1,16422.98895
20,26,2009,3,2,2,260,50,11,36,5.7,95,0,1,4,1,0,0,65,168,23,16,16444.42279
19,28,2009,3,3,2,291,50,12,32,5.7,95,0,1,0,1,0,0,65,169,23,2,16552.85178
20,28,2009,3,6,2,260,50,11,36,5.7,95,0,1,4,1,0,0,65,168,23,4,16425.72593
28,28,2009,3,2,3,225,26,9,28,5.7,95,0,1,1,0,0,2,69,169,24,1,16341.85033
28,28,2009,3,6,3,225,26,9,28,5.7,95,0,1,1,0,0,2,69,169,24,2,16358.04741
2,0,2009,4,2,3,235,29,12,48,5.4,96,1,1,1,0,1,5,88,163,33,0,16094.59528
1,7,2009,4,6,3,235,11,14,37,5.4,96,0,3,1,0,0,1,88,172,29,3,19535.09105
14,12,2009,4,4,3,155,12,14,34,5.4,96,0,1,2,1,0,0,95,196,25,24,16102.65108
24,13,2009,4,4,3,246,25,16,41,5.4,96,0,1,0,1,0,0,67,170,23,24,16210.62433
3,13,2009,4,4,3,179,51,18,38,5.4,96,0,1,0,1,0,0,89,170,31,24,16190.26507
11,13,2009,4,5,3,289,36,13,33,5.4,96,0,1,2,1,0,1,90,172,30,16,16095.57667
24,14,2009,4,6,3,246,25,16,41,5.4,96,0,1,0,1,0,0,67,170,23,8,16168.07593
11,19,2009,4,3,3,289,36,13,33,5.4,96,0,1,2,1,0,1,90,172,30,8,16114.75613
23,19,2009,4,4,3,378,49,11,36,5.4,96,0,1,2,0,1,4,65,174,21,8,16098.88779
20,19,2009,4,6,3,260,50,11,36,5.4,96,0,1,4,1,0,0,65,168,23,56,16120.4463
28,23,2009,4,4,3,225,26,9,28,5.4,96,0,1,1,0,0,2,69,169,24,1,16215.26327
36,23,2009,4,5,3,118,13,18,50,5.4,96,0,1,1,1,0,0,98,178,31,1,16181.05415
14,23,2009,4,5,3,155,12,14,34,5.4,96,0,1,2,1,0,0,95,196,25,1,16204.04146
15,23,2009,4,6,3,291,31,12,40,5.4,96,0,1,1,1,0,1,73,171,25,3,16174.93716
14,28,2009,4,3,3,155,12,14,34,5.4,96,0,1,2,1,0,0,95,196,25,1,16214.74841
15,28,2009,4,4,3,291,31,12,40,5.4,96,0,1,1,1,0,1,73,171,25,1,16229.61058
33,28,2009,4,6,3,248,25,14,47,5.4,96,0,1,2,0,0,1,86,165,32,8,16121.48037
28,28,2009,4,6,3,225,26,9,28,5.4,96,0,1,1,0,0,2,69,169,24,2,16196.06015
20,28,2009,4,6,3,260,50,11,36,5.4,96,0,1,4,1,0,0,65,168,23,4,16194.40804
15,28,2009,4,6,3,291,31,12,40,5.4,96,0,1,1,1,0,1,73,171,25,1,16162.02179
31,0,2009,5,4,3,388,15,9,50,6.3,92,1,1,0,0,0,0,76,178,24,0,16710.68215
23,0,2009,5,4,3,378,49,11,36,6.3,92,1,1,2,0,1,4,65,174,21,0,16719.87233
18,0,2009,5,4,3,330,16,4,28,6.3,92,1,2,0,0,0,0,84,182,25,0,17420.57665
7,0,2009,5,4,3,279,5,14,39,6.3,92,1,1,2,1,1,0,68,168,24,0,16722.38785
27,7,2009,5,4,3,184,42,7,27,6.3,92,0,1,0,0,0,0,58,167,21,4,16766.29249
3,11,2009,5,3,3,179,51,18,38,6.3,92,0,1,0,1,0,0,89,170,31,1,16709.69173
3,12,2009,5,3,3,179,51,18,38,6.3,92,0,1,0,1,0,0,89,170,31,1,16733.46946
36,13,2009,5,4,3,118,13,18,50,6.3,92,0,1,1,1,0,0,98,178,31,24,16682.66824
11,13,2009,5,4,3,289,36,13,33,6.3,92,0,1,2,1,0,1,90,172,30,8,16831.37454
11,13,2009,5,4,3,289,36,13,33,6.3,92,0,1,2,1,0,1,90,172,30,24,16726.77256
3,18,2009,5,3,3,179,51,18,38,6.3,92,0,1,0,1,0,0,89,170,31,8,16799.28387
28,19,2009,5,3,3,225,26,9,28,6.3,92,0,1,1,0,0,2,69,169,24,8,16766.43171
10,22,2009,5,6,3,361,52,3,28,6.3,92,0,1,1,1,0,4,80,172,27,8,16671.95131
14,28,2009,5,2,3,155,12,14,34,6.3,92,0,1,2,1,0,0,95,196,25,1,16804.79665
14,28,2009,5,2,3,155,12,14,34,6.3,92,0,1,2,1,0,0,95,196,25,2,16759.90651
14,28,2009,5,5,3,155,12,14,34,6.3,92,0,1,2,1,0,0,95,196,25,2,16829.76989
24,10,2009,6,2,3,246,25,16,41,6.3,94,0,1,0,1,0,0,67,170,23,8,16601.19172
24,10,2009,6,3,3,246,25,16,41,6.3,94,0,1,0,1,0,0,67,170,23,24,16617.11898
24,10,2009,6,6,3,246,25,16,41,6.3,94,0,1,0,1,0,0,67,170,23,8,16604.81849
3,11,2009,6,2,3,179,51,18,38,6.3,94,0,1,0,1,0,0,89,170,31,8,16603.18965
3,11,2009,6,6,3,179,51,18,38,6.3,94,0,1,0,1,0,0,89,170,31,2,16557.53703
36,13,2009,6,4,3,118,13,18,50,6.3,94,0,1,1,1,0,0,98,178,31,8,16586.83075
36,13,2009,6,4,3,118,13,18,50,6.3,94,0,1,1,1,0,0,98,178,31,80,16576.27162
1,13,2009,6,6,3,235,11,14,37,6.3,94,0,3,1,0,0,1,88,172,29,16,20258.18802
24,19,2009,6,2,3,246,25,16,41,6.3,94,0,1,0,1,0,0,67,170,23,8,16645.14277
10,22,2009,6,2,3,361,52,3,28,6.3,94,0,1,1,1,0,4,80,172,27,8,16620.77707
23,22,2009,6,5,3,378,49,11,36,6.3,94,0,1,2,0,1,4,65,174,21,8,16562.04727
14,23,2009,6,2,3,155,12,14,34,6.3,94,0,1,2,1,0,0,95,196,25,4,16603.1269
36,23,2009,6,3,3,118,13,18,50,6.3,94,0,1,1,1,0,0,98,178,31,1,16578.7176
15,23,2009,6,5,3,291,31,12,40,6.3,94,0,1,1,1,0,1,73,171,25,4,16614.88842
32,28,2009,6,2,1,289,48,29,49,6.3,94,0,1,0,0,0,2,108,172,36,2,16555.92898
28,28,2009,6,5,1,225,26,9,28,6.3,94,0,1,1,0,0,2,69,169,24,2,16552.90363
20,0,2009,7,5,1,260,50,11,36,4.6,98,1,1,4,1,0,0,65,168,23,0,15078.78376
18,1,2009,7,2,1,330,16,4,28,4.6,98,0,2,0,0,0,0,84,182,25,8,17198.85862
18,1,2009,7,3,1,330,16,4,28,4.6,98,0,2,0,0,0,0,84,182,25,8,17190.35816
36,1,2009,7,4,1,118,13,18,50,4.6,98,0,1,1,1,0,0,98,178,31,8,15124.59272
34,5,2009,7,6,1,118,10,10,37,4.6,98,0,1,0,0,0,0,83,172,28,8,15119.36867
22,18,2009,7,5,1,179,26,9,30,4.6,98,0,3,0,0,0,0,56,171,19,8,18901.21823
11,19,2009,7,2,1,289,36,13,33,4.6,98,0,1,2,1,0,1,90,172,30,32,15092.03236
14,19,2009,7,3,1,155,12,14,34,4.6,98,0,1,2,1,0,0,95,196,25,16,15126.06006
11,19,2009,7,5,1,289,36,13,33,4.6,98,0,1,2,1,0,1,90,172,30,8,15083.20424
10,22,2009,7,3,1,361,52,3,28,4.6,98,0,1,1,1,0,4,80,172,27,8,15105.08464
30,25,2009,7,2,1,157,27,6,29,4.6,98,0,1,0,1,1,0,75,185,22,3,15111.42169
14,25,2009,7,6,1,155,12,14,34,4.6,98,0,1,2,1,0,0,95,196,25,2,15116.05934
18,26,2009,7,3,1,330,16,4,28,4.6,98,0,2,0,0,0,0,84,182,25,8,17214.52991
11,26,2009,7,4,1,289,36,13,33,4.6,98,0,1,2,1,0,1,90,172,30,8,15095.42261
3,26,2009,7,5,1,179,51,18,38,4.6,98,0,1,0,1,0,0,89,170,31,8,15093.83666
34,26,2009,7,6,1,118,10,10,37,4.6,98,0,1,0,0,0,0,83,172,28,4,15116.78514
27,6,2009,8,4,1,184,42,7,27,4.4,94,0,1,0,0,0,0,58,167,21,8,14739.39557
10,8,2009,8,3,1,361,52,3,28,4.4,94,0,1,1,1,0,4,80,172,27,8,14742.75831
21,11,2009,8,5,1,268,11,8,33,4.4,94,0,2,0,0,0,0,79,178,25,8,17112.30746
36,13,2009,8,5,1,118,13,18,50,4.4,94,0,1,1,1,0,0,98,178,31,3,14762.98962
26,13,2009,8,5,1,300,26,13,43,4.4,94,0,1,2,1,1,1,77,175,25,1,14795.23207
26,14,2009,8,5,1,300,26,13,43,4.4,94,0,1,2,1,1,1,77,175,25,2,14793.9219
9,18,2009,8,3,1,228,14,16,58,4.4,94,0,1,2,0,0,1,65,172,22,8,14801.47875
1,19,2009,8,5,1,235,11,14,37,4.4,94,0,3,1,0,0,1,88,172,29,8,18597.69476
30,19,2009,8,6,1,157,27,6,29,4.4,94,0,1,0,1,1,0,75,185,22,3,14819.98843
11,19,2009,8,6,1,289,36,13,33,4.4,94,0,1,2,1,0,1,90,172,30,8,14826.05196
11,23,2009,8,2,1,289,36,13,33,4.4,94,0,1,2,1,0,1,90,172,30,1,14812.81235
11,23,2009,8,3,1,289,36,13,33,4.4,94,0,1,2,1,0,1,90,172,30,4,14776.66515
1,23,2009,8,3,1,235,11,14,37,4.4,94,0,3,1,0,0,1,88,172,29,1,18658.25244
33,23,2009,8,4,1,248,25,14,47,4.4,94,0,1,2,0,0,1,86,165,32,1,14766.0486
36,23,2009,8,5,1,118,13,18,50,4.4,94,0,1,1,1,0,0,98,178,31,1,14747.25879
22,23,2009,8,5,1,179,26,9,30,4.4,94,0,3,0,0,0,0,56,171,19,1,18689.15174
33,25,2009,8,2,1,248,25,14,47,4.4,94,0,1,2,0,0,1,86,165,32,2,14762.87118
20,28,2009,8,6,1,260,50,11,36,4.4,94,0,1,4,1,0,0,65,168,23,4,14785.4764
19,0,2009,9,3,1,291,50,12,32,4.9,81,1,1,0,1,0,0,65,169,23,0,15600.33833
8,0,2009,9,3,1,231,35,14,39,4.9,81,1,1,2,1,0,2,100,170,35,0,15608.84447
5,0,2009,9,5,1,235,20,13,43,4.9,81,1,1,1,1,0,0,106,167,38,0,15628.98984
5,0,2009,9,5,4,235,20,13,43,4.9,81,1,1,1,1,0,0,106,167,38,0,15547.36847
15,7,2009,9,2,4,291,31,12,40,4.9,81,0,1,1,1,0,1,73,171,25,40,15514.76641
24,9,2009,9,2,1,246,25,16,41,4.9,81,0,1,0,1,0,0,67,170,23,16,15611.70011
24,9,2009,9,4,1,246,25,16,41,4.9,81,0,1,0,1,0,0,67,170,23,32,15591.23769
3,11,2009,9,2,1,179,51,18,38,4.9,81,0,1,0,1,0,0,89,170,31,8,15635.24751
3,13,2009,9,4,1,179,51,18,38,4.9,81,0,1,0,1,0,0,89,170,31,8,15593.19042
3,13,2009,9,2,4,179,51,18,38,4.9,81,0,1,0,1,0,0,89,170,31,8,15503.17816
11,19,2009,9,4,1,289,36,13,33,4.9,81,0,1,2,1,0,1,90,172,30,24,15631.19924
3,23,2009,9,5,1,179,51,18,38,4.9,81,0,1,0,1,0,0,89,170,31,1,15563.62645
3,23,2009,9,6,1,179,51,18,38,4.9,81,0,1,0,1,0,0,89,170,31,3,15632.80242
5,26,2009,9,4,4,235,20,13,43,4.9,81,0,1,1,1,0,0,106,167,38,8,15558.95054
15,28,2009,9,3,1,291,31,12,40,4.9,81,0,1,1,1,0,1,73,171,25,3,15609.4267
20,28,2009,9,6,1,260,50,11,36,4.9,81,0,1,4,1,0,0,65,168,23,4,15561.01495
15,28,2009,9,6,1,291,31,12,40,4.9,81,0,1,1,1,0,1,73,171,25,4,15561.71322
36,28,2009,9,5,4,118,13,18,50,4.9,81,0,1,1,1,0,0,98,178,31,1,15548.18206
15,28,2009,9,6,4,291,31,12,40,4.9,81,0,1,1,1,0,1,73,171,25,3,15536.22548
30,0,2009,10,3,4,157,27,6,29,4.4,88,1,1,0,1,1,0,75,185,22,0,14606.3907
20,0,2009,10,3,4,260,50,11,36,4.4,88,1,1,4,1,0,0,65,168,23,0,14610.53089
15,0,2009,10,3,4,291,31,12,40,4.4,88,1,1,1,1,0,1,73,171,25,0,14609.84339
5,0,2009,10,4,4,235,20,13,43,4.4,88,1,1,1,1,0,0,106,167,38,0,14684.19161
36,0,2009,10,6,4,118,13,18,50,4.4,88,1,1,1,1,0,0,98,178,31,0,14723.97965
33,0,2009,10,6,4,248,25,14,47,4.4,88,1,1,2,0,0,1,86,165,32,0,14709.5691
5,0,2009,10,6,4,235,20,13,43,4.4,88,1,1,1,1,0,0,106,167,38,0,14675.34428
22,1,2009,10,2,4,179,26,9,30,4.4,88,0,3,0,0,0,0,56,171,19,8,18561.65825
22,1,2009,10,4,4,179,26,9,30,4.4,88,0,3,0,0,0,0,56,171,19,64,18554.44841
22,1,2009,10,4,4,179,26,9,30,4.4,88,0,3,0,0,0,0,56,171,19,5,18476.77892
34,7,2009,10,2,4,118,10,10,37,4.4,88,0,1,0,0,0,0,83,172,28,3,14701.20325
22,7,2009,10,4,4,179,26,9,30,4.4,88,0,3,0,0,0,0,56,171,19,5,18419.12648
10,10,2009,10,2,4,361,52,3,28,4.4,88,0,1,1,1,0,4,80,172,27,8,14618.17997
11,19,2009,10,5,4,289,36,13,33,4.4,88,0,1,2,1,0,1,90,172,30,16,14680.77358
13,22,2009,10,2,4,369,17,12,31,4.4,88,0,1,3,1,0,0,70,169,25,8,14697.59557
11,22,2009,10,6,4,289,36,13,33,4.4,88,0,1,2,1,0,1,90,172,30,8,14734.44128
5,23,2009,10,2,4,235,20,13,43,4.4,88,0,1,1,1,0,0,106,167,38,2,14655.97716
5,23,2009,10,2,4,235,20,13,43,4.4,88,0,1,1,1,0,0,106,167,38,2,14650.41415
36,23,2009,10,5,4,118,13,18,50,4.4,88,0,1,1,1,0,0,98,178,31,1,14605.87823
22,23,2009,10,5,4,179,26,9,30,4.4,88,0,3,0,0,0,0,56,171,19,16,18504.52256
11,24,2009,10,2,4,289,36,13,33,4.4,88,0,1,2,1,0,1,90,172,30,8,14739.29084
11,26,2009,10,2,4,289,36,13,33,4.4,88,0,1,2,1,0,1,90,172,30,8,14736.22681
1,26,2009,10,2,4,235,11,14,37,4.4,88,0,3,1,0,0,1,88,172,29,4,18590.76485
36,28,2009,10,3,4,118,13,18,50,4.4,88,0,1,1,1,0,0,98,178,31,1,14645.06627
15,28,2009,10,3,4,291,31,12,40,4.4,88,0,1,1,1,0,1,73,171,25,4,14643.97765
3,28,2009,10,4,4,179,51,18,38,4.4,88,0,1,0,1,0,0,89,170,31,1,14695.70746
36,28,2009,10,5,4,118,13,18,50,4.4,88,0,1,1,1,0,0,98,178,31,1,14621.52126
20,28,2009,10,6,4,260,50,11,36,4.4,88,0,1,4,1,0,0,65,168,23,3,14677.81039
18,0,2009,11,3,4,330,16,4,28,4.7,97,1,2,0,0,0,0,84,182,25,0,17259.17024
7,0,2009,11,3,4,279,5,14,39,4.7,97,1,1,2,1,1,0,68,168,24,0,15196.86902
23,0,2009,11,6,4,378,49,11,36,4.7,97,1,1,2,0,1,4,65,174,21,0,15196.89737
23,1,2009,11,2,4,378,49,11,36,4.7,97,0,1,2,0,1,4,65,174,21,8,15270.4451
3,6,2009,11,3,4,179,51,18,38,4.7,97,0,1,0,1,0,0,89,170,31,8,15290.03279
20,10,2009,11,4,4,260,50,11,36,4.7,97,0,1,4,1,0,0,65,168,23,8,15209.11094
34,11,2009,11,2,4,118,10,10,37,4.7,97,0,1,0,0,0,0,83,172,28,8,15298.0737
14,11,2009,11,2,4,155,12,14,34,4.7,97,0,1,2,1,0,0,95,196,25,120,15267.03586
34,11,2009,11,4,4,118,10,10,37,4.7,97,0,1,0,0,0,0,83,172,28,3,15242.10116
15,12,2009,11,6,4,291,31,12,40,4.7,97,0,1,1,1,0,1,73,171,25,4,15231.85527
24,13,2009,11,2,4,246,25,16,41,4.7,97,0,1,0,1,0,0,67,170,23,8,15226.40662
24,13,2009,11,6,4,246,25,16,41,4.7,97,0,1,0,1,0,0,67,170,23,8,15232.08011
20,15,2009,11,6,4,260,50,11,36,4.7,97,0,1,4,1,0,0,65,168,23,8,15208.75576
1,18,2009,11,4,4,235,11,14,37,4.7,97,0,3,1,0,0,1,88,172,29,1,19002.59633
33,23,2009,11,2,4,248,25,14,47,4.7,97,0,1,2,0,0,1,86,165,32,2,15296.60617
15,23,2009,11,2,4,291,31,12,40,4.7,97,0,1,1,1,0,1,73,171,25,1,15274.7382
3,23,2009,11,5,4,179,51,18,38,4.7,97,0,1,0,1,0,0,89,170,31,1,15196.28411
1,25,2009,11,5,4,235,11,14,37,4.7,97,0,3,1,0,0,1,88,172,29,2,18988.06094
5,26,2009,11,2,4,235,20,13,43,4.7,97,0,1,1,1,0,0,106,167,38,8,15259.19245
3,28,2009,11,3,4,179,51,18,38,4.7,97,0,1,0,1,0,0,89,170,31,1,15220.22698
3,28,2009,11,5,4,179,51,18,38,4.7,97,0,1,0,1,0,0,89,170,31,3,15239.83241
20,28,2009,11,6,4,260,50,11,36,4.7,97,0,1,4,1,0,0,65,168,23,3,15274.7464
24,4,2009,12,5,4,246,25,16,41,3.9,93,0,1,0,1,0,0,67,170,23,8,12430.77998
28,12,2009,12,2,4,225,26,9,28,3.9,93,0,1,1,0,0,2,69,169,24,3,12571.82287
5,13,2009,12,3,2,235,20,13,43,3.9,93,0,1,1,1,0,0,106,167,38,8,12289.58035
1,14,2009,12,3,2,235,11,14,37,3.9,93,0,3,1,0,0,1,88,172,29,4,17472.74295
11,19,2009,12,2,2,289,36,13,33,3.9,93,0,1,2,1,0,1,90,172,30,8,12190.21629
1,23,2009,12,2,4,235,11,14,37,3.9,93,0,3,1,0,0,1,88,172,29,3,17491.2274
22,23,2009,12,3,4,179,26,9,30,3.9,93,0,3,0,0,0,0,56,171,19,1,17477.95017
34,25,2009,12,3,4,118,10,10,37,3.9,93,0,1,0,0,0,0,83,172,28,8,12401.98854
1,25,2009,12,5,4,235,11,14,37,3.9,93,0,3,1,0,0,1,88,172,29,2,17477.86966
20,26,2009,12,4,2,260,50,11,36,3.9,93,0,1,4,1,0,0,65,168,23,8,12279.52192
30,28,2009,12,2,2,157,27,6,29,3.9,93,0,1,0,1,1,0,75,185,22,2,12246.63475
3,28,2009,12,2,2,179,51,18,38,3.9,93,0,1,0,1,0,0,89,170,31,3,12236.84884
3,28,2009,12,2,4,179,51,18,38,3.9,93,0,1,0,1,0,0,89,170,31,2,12548.52848
3,28,2009,12,2,4,179,51,18,38,3.9,93,0,1,0,1,0,0,89,170,31,1,12530.17952
36,28,2009,12,3,4,118,13,18,50,3.9,93,0,1,1,1,0,0,98,178,31,1,12494.42519
3,28,2009,12,5,4,179,51,18,38,3.9,93,0,1,0,1,0,0,89,170,31,1,12427.40454
20,28,2009,12,6,4,260,50,11,36,3.9,93,0,1,4,1,0,0,65,168,23,4,12472.76423
3,28,2009,12,6,4,179,51,18,38,3.9,93,0,1,0,1,0,0,89,170,31,1,12407.58321
3,28,2009,12,6,4,179,51,18,38,3.9,93,0,1,0,1,0,0,89,170,31,1,12303.88648
15,3,2010,1,4,2,291,31,12,40,5.5,100,0,1,1,1,0,1,73,171,25,8,16285.78136
1,13,2010,1,3,2,235,11,14,37,5.5,100,0,3,1,0,0,1,88,172,29,1,19635.87719
34,19,2010,1,2,2,118,10,10,37,5.5,100,0,1,0,0,0,0,83,172,28,32,16299.88721
14,23,2010,1,2,2,155,12,14,34,5.5,100,0,1,2,1,0,0,95,196,25,2,16290.76173
14,23,2010,1,3,2,155,12,14,34,5.5,100,0,1,2,1,0,0,95,196,25,4,16287.25664
28,23,2010,1,4,2,225,26,9,28,5.5,100,0,1,1,0,0,2,69,169,24,5,16334.25364
36,26,2010,1,2,2,118,13,18,50,5.5,100,0,1,1,1,0,0,98,178,31,4,16252.81104
11,26,2010,1,2,2,289,36,13,33,5.5,100,0,1,2,1,0,1,90,172,30,8,16287.04725
5,26,2010,1,2,2,235,20,13,43,5.5,100,0,1,1,1,0,0,106,167,38,8,16255.55987
3,28,2010,1,4,2,179,51,18,38,5.5,100,0,1,0,1,0,0,89,170,31,1,16235.04727
3,28,2010,1,6,2,179,51,18,38,5.5,100,0,1,0,1,0,0,89,170,31,1,16233.27938
28,7,2010,2,4,2,225,26,9,28,4.2,96,0,1,1,0,0,2,69,169,24,1,13979.42976
3,10,2010,2,5,2,179,51,18,38,4.2,96,0,1,0,1,0,0,89,170,31,8,13937.32403
24,10,2010,2,6,2,246,25,16,41,4.2,96,0,1,0,1,0,0,67,170,23,24,13870.95295
30,11,2010,2,4,2,157,27,6,29,4.2,96,0,1,0,1,1,0,75,185,22,16,13878.40814
6,22,2010,2,2,2,189,29,13,33,4.2,96,0,1,2,0,0,2,69,167,25,8,13907.91806
11,22,2010,2,6,2,289,36,13,33,4.2,96,0,1,2,1,0,1,90,172,30,3,13975.87374
24,23,2010,2,3,2,246,25,16,41,4.2,96,0,1,0,1,0,0,67,170,23,2,13896.61708
15,23,2010,2,3,2,291,31,12,40,4.2,96,0,1,1,1,0,1,73,171,25,2,13883.44945
3,23,2010,2,6,2,179,51,18,38,4.2,96,0,1,0,1,0,0,89,170,31,3,13962.3702
24,26,2010,2,5,2,246,25,16,41,4.2,96,0,1,0,1,0,0,67,170,23,8,13927.02992
3,27,2010,2,2,2,179,51,18,38,4.2,96,0,1,0,1,0,0,89,170,31,2,13961.97854
3,27,2010,2,2,2,179,51,18,38,4.2,96,0,1,0,1,0,0,89,170,31,3,13903.89618
3,27,2010,2,4,2,179,51,18,38,4.2,96,0,1,0,1,0,0,89,170,31,3,13979.97513
3,27,2010,2,4,2,179,51,18,38,4.2,96,0,1,0,1,0,0,89,170,31,3,13945.80715
3,27,2010,2,4,2,179,51,18,38,4.2,96,0,1,0,1,0,0,89,170,31,3,13875.33202
3,27,2010,2,4,2,179,51,18,38,4.2,96,0,1,0,1,0,0,89,170,31,3,13868.02344
3,27,2010,2,6,2,179,51,18,38,4.2,96,0,1,0,1,0,0,89,170,31,3,13925.0684
3,27,2010,2,6,2,179,51,18,38,4.2,96,0,1,0,1,0,0,89,170,31,3,13875.22896
3,27,2010,2,6,2,179,51,18,38,4.2,96,0,1,0,1,0,0,89,170,31,3,13853.97124
34,28,2010,2,3,2,118,10,10,37,4.2,96,0,1,0,0,0,0,83,172,28,2,13986.54342
20,28,2010,2,6,2,260,50,11,36,4.2,96,0,1,4,1,0,0,65,168,23,3,13972.23203
13,0,2010,3,4,2,369,17,12,31,4.1,98,1,1,3,1,0,0,70,169,25,0,13490.62454
36,0,2010,3,5,3,118,13,18,50,4.1,98,1,1,1,1,0,0,98,178,31,0,13465.43775
24,0,2010,3,5,3,246,25,16,41,4.1,98,1,1,0,1,0,0,67,170,23,0,13466.80409
1,0,2010,3,5,3,235,11,14,37,4.1,98,1,3,1,0,0,1,88,172,29,0,17664.02188
36,13,2010,3,4,3,118,13,18,50,4.1,98,0,1,1,1,0,0,98,178,31,8,13467.38975
36,14,2010,3,3,3,118,13,18,50,4.1,98,0,1,1,1,0,0,98,178,31,3,13472.72718
34,18,2010,3,3,2,118,10,10,37,4.1,98,0,1,0,0,0,0,83,172,28,8,13599.00259
24,19,2010,3,4,2,246,25,16,41,4.1,98,0,1,0,1,0,0,67,170,23,16,13595.19373
20,19,2010,3,2,3,260,50,11,36,4.1,98,0,1,4,1,0,0,65,168,23,8,13460.00159
1,21,2010,3,5,2,235,11,14,37,4.1,98,0,3,1,0,0,1,88,172,29,8,17669.41597
1,22,2010,3,2,2,235,11,14,37,4.1,98,0,3,1,0,0,1,88,172,29,8,17705.87957
23,22,2010,3,3,2,378,49,11,36,4.1,98,0,1,2,0,1,4,65,174,21,8,13545.18683
17,22,2010,3,3,2,179,22,17,40,4.1,98,0,2,2,0,1,0,63,170,22,8,16932.75305
10,22,2010,3,4,2,361,52,3,28,4.1,98,0,1,1,1,0,4,80,172,27,8,13543.06621
11,22,2010,3,6,3,289,36,13,33,4.1,98,0,1,2,1,0,1,90,172,30,8,13460.34972
36,23,2010,3,6,3,118,13,18,50,4.1,98,0,1,1,1,0,0,98,178,31,2,13473.01083
3,28,2010,3,2,2,179,51,18,38,4.1,98,0,1,0,1,0,0,89,170,31,2,13545.49337
3,28,2010,3,2,2,179,51,18,38,4.1,98,0,1,0,1,0,0,89,170,31,16,13544.42328
24,28,2010,3,6,2,246,25,16,41,4.1,98,0,1,0,1,0,0,67,170,23,2,13587.59716
20,28,2010,3,6,2,260,50,11,36,4.1,98,0,1,4,1,0,0,65,168,23,4,13549.75828
24,28,2010,3,3,3,246,25,16,41,4.1,98,0,1,0,1,0,0,67,170,23,2,13455.01781
3,28,2010,3,6,3,179,51,18,38,4.1,98,0,1,0,1,0,0,89,170,31,8,13461.7451
34,11,2010,4,4,3,118,10,10,37,4,98,0,1,0,0,0,0,83,172,28,2,12813.85343
36,13,2010,4,4,3,118,13,18,50,4,98,0,1,1,1,0,0,98,178,31,120,12912.61585
13,22,2010,4,2,3,369,17,12,31,4,98,0,1,3,1,0,0,70,169,25,4,12983.12072
36,23,2010,4,2,3,118,13,18,50,4,98,0,1,1,1,0,0,98,178,31,1,12928.36427
18,23,2010,4,4,3,330,16,4,28,4,98,0,2,0,0,0,0,84,182,25,8,16907.38906
33,26,2010,4,2,3,248,25,14,47,4,98,0,1,2,0,0,1,86,165,32,4,12945.12197
18,26,2010,4,6,3,330,16,4,28,4,98,0,2,0,0,0,0,84,182,25,4,16917.33018
3,28,2010,4,2,3,179,51,18,38,4,98,0,1,0,1,0,0,89,170,31,4,12819.56301
3,28,2010,4,4,3,179,51,18,38,4,98,0,1,0,1,0,0,89,170,31,4,13009.64794
3,28,2010,4,4,3,179,51,18,38,4,98,0,1,0,1,0,0,89,170,31,8,12945.01526
26,28,2010,4,6,3,300,26,13,43,4,98,0,1,2,1,1,1,77,175,25,8,12865.78949
20,28,2010,4,6,3,260,50,11,36,4,98,0,1,4,1,0,0,65,168,23,3,13001.40402
20,28,2010,4,6,3,260,50,11,36,4,98,0,1,4,1,0,0,65,168,23,4,12824.31452
1,1,2010,5,2,3,235,11,14,37,4.1,99,0,3,1,0,0,1,88,172,29,8,17761.6549
17,8,2010,5,2,3,179,22,17,40,4.1,99,0,2,2,0,1,0,63,170,22,3,16966.77318
13,10,2010,5,2,3,369,17,12,31,4.1,99,0,1,3,1,0,0,70,169,25,8,13661.17336
17,11,2010,5,2,3,179,22,17,40,4.1,99,0,2,2,0,1,0,63,170,22,2,16999.84747
5,13,2010,5,2,3,235,20,13,43,4.1,99,0,1,1,1,0,0,106,167,38,16,13666.77159
18,13,2010,5,6,3,330,16,4,28,4.1,99,0,2,0,0,0,0,84,182,25,8,16955.68109
9,18,2010,5,4,3,228,14,16,58,4.1,99,0,1,2,0,0,1,65,172,22,8,13628.87167
33,23,2010,5,4,3,248,25,14,47,4.1,99,0,1,2,0,0,1,86,165,32,2,13663.9238
22,23,2010,5,4,3,179,26,9,30,4.1,99,0,3,0,0,0,0,56,171,19,3,17833.76413
22,23,2010,5,4,3,179,26,9,30,4.1,99,0,3,0,0,0,0,56,171,19,3,17734.64195
10,23,2010,5,5,3,361,52,3,28,4.1,99,0,1,1,1,0,4,80,172,27,1,13650.74766
22,25,2010,5,2,3,179,26,9,30,4.1,99,0,3,0,0,0,0,56,171,19,2,17828.00084
28,25,2010,5,4,3,225,26,9,28,4.1,99,0,1,1,0,0,2,69,169,24,3,13628.43827
34,28,2010,5,2,3,118,10,10,37,4.1,99,0,1,0,0,0,0,83,172,28,1,13603.50711
3,28,2010,5,4,3,179,51,18,38,4.1,99,0,1,0,1,0,0,89,170,31,4,13655.39052
20,28,2010,5,6,3,260,50,11,36,4.1,99,0,1,4,1,0,0,65,168,23,3,13637.02946
3,0,2010,6,6,3,179,51,18,38,4.2,95,1,1,0,1,0,0,89,170,31,0,14224.78311
3,5,2010,6,4,1,179,51,18,38,4.2,95,0,1,0,1,0,0,89,170,31,8,14173.99259
18,11,2010,6,3,1,330,16,4,28,4.2,95,0,2,0,0,0,0,84,182,25,1,17042.076
1,13,2010,6,3,1,235,11,14,37,4.2,95,0,3,1,0,0,1,88,172,29,8,18152.77597
15,13,2010,6,2,3,291,31,12,40,4.2,95,0,1,1,1,0,1,73,171,25,40,14219.77306
22,21,2010,6,4,1,179,26,9,30,4.2,95,0,3,0,0,0,0,56,171,19,2,18158.95136
36,23,2010,6,4,1,118,13,18,50,4.2,95,0,1,1,1,0,0,98,178,31,2,14184.68291
28,23,2010,6,4,1,225,26,9,28,4.2,95,0,1,1,0,0,2,69,169,24,2,14188.80482
34,23,2010,6,2,3,118,10,10,37,4.2,95,0,1,0,0,0,0,83,172,28,3,14236.82487
28,23,2010,6,5,3,225,26,9,28,4.2,95,0,1,1,0,0,2,69,169,24,4,14230.69662
5,26,2010,6,3,3,235,20,13,43,4.2,95,0,1,1,1,0,0,106,167,38,8,14196.81945
3,28,2010,6,2,1,179,51,18,38,4.2,95,0,1,0,1,0,0,89,170,31,2,14189.65547
24,28,2010,6,6,1,246,25,16,41,4.2,95,0,1,0,1,0,0,67,170,23,2,14147.12365
3,28,2010,6,2,3,179,51,18,38,4.2,95,0,1,0,1,0,0,89,170,31,3,14234.02966
3,28,2010,6,2,3,179,51,18,38,4.2,95,0,1,0,1,0,0,89,170,31,24,14209.06291
3,28,2010,6,2,3,179,51,18,38,4.2,95,0,1,0,1,0,0,89,170,31,4,14197.89355
34,28,2010,6,3,3,118,10,10,37,4.2,95,0,1,0,0,0,0,83,172,28,2,14231.23
24,28,2010,6,3,3,246,25,16,41,4.2,95,0,1,0,1,0,0,67,170,23,3,14208.99673
20,28,2010,6,6,3,260,50,11,36,4.2,95,0,1,4,1,0,0,65,168,23,4,14225.79857
21,7,2010,7,2,1,268,11,8,33,3.8,92,0,2,0,0,0,0,79,178,25,8,16872.59776
28,9,2010,7,3,1,225,26,9,28,3.8,92,0,1,1,0,0,2,69,169,24,112,11975.60309
20,13,2010,7,6,1,260,50,11,36,3.8,92,0,1,4,1,0,0,65,168,23,8,12136.10362
26,15,2010,7,2,1,300,26,13,43,3.8,92,0,1,2,1,1,1,77,175,25,8,12039.19924
11,22,2010,7,2,1,289,36,13,33,3.8,92,0,1,2,1,0,1,90,172,30,8,11838.47821
10,22,2010,7,6,1,361,52,3,28,3.8,92,0,1,1,1,0,4,80,172,27,8,11906.27594
2,23,2010,7,2,1,235,29,12,48,3.8,92,0,1,1,0,1,5,88,163,33,1,12021.88472
22,23,2010,7,5,1,179,26,9,30,3.8,92,0,3,0,0,0,0,56,171,19,2,17471.84559
7,23,2010,7,5,1,279,5,14,39,3.8,92,0,1,2,1,1,0,68,168,24,2,11771.86895
36,23,2010,7,6,1,118,13,18,50,3.8,92,0,1,1,1,0,0,98,178,31,1,11929.68794
28,25,2010,7,5,1,225,26,9,28,3.8,92,0,1,1,0,0,2,69,169,24,4,12154.11928
18,25,2010,7,6,1,330,16,4,28,3.8,92,0,2,0,0,0,0,84,182,25,8,16844.59695
20,26,2010,7,2,1,260,50,11,36,3.8,92,0,1,4,1,0,0,65,168,23,4,12107.2699
5,26,2010,7,2,1,235,20,13,43,3.8,92,0,1,1,1,0,0,106,167,38,8,11835.14673
34,26,2010,7,6,1,118,10,10,37,3.8,92,0,1,0,0,0,0,83,172,28,8,12123.99529
34,28,2010,7,3,1,118,10,10,37,3.8,92,0,1,0,0,0,0,83,172,28,8,12052.12767
24,28,2010,7,3,1,246,25,16,41,3.8,92,0,1,0,1,0,0,67,170,23,2,12018.91201
24,28,2010,7,3,1,246,25,16,41,3.8,92,0,1,0,1,0,0,67,170,23,2,11794.78037
3,28,2010,7,3,1,179,51,18,38,3.8,92,0,1,0,1,0,0,89,170,31,1,11946.3372
15,28,2010,7,5,1,291,31,12,40,3.8,92,0,1,1,1,0,1,73,171,25,1,11781.22894
1,23,2010,8,3,1,235,11,14,37,4.2,93,0,3,1,0,0,1,88,172,29,4,18123.89244
18,23,2010,8,5,1,330,16,4,28,4.2,93,0,2,0,0,0,0,84,182,25,16,17016.84515
17,25,2010,8,2,1,179,22,17,40,4.2,93,0,2,2,0,1,0,63,170,22,1,17038.74914
3,25,2010,8,2,1,179,51,18,38,4.2,93,0,1,0,1,0,0,89,170,31,4,13784.79628
17,25,2010,8,3,1,179,22,17,40,4.2,93,0,2,2,0,1,0,63,170,22,8,17017.04029
3,25,2010,8,5,1,179,51,18,38,4.2,93,0,1,0,1,0,0,89,170,31,4,13851.63702
11,26,2010,8,3,1,289,36,13,33,4.2,93,0,1,2,1,0,1,90,172,30,8,13846.71569
5,26,2010,8,3,1,235,20,13,43,4.2,93,0,1,1,1,0,0,106,167,38,8,13827.38936
20,28,2010,8,2,1,260,50,11,36,4.2,93,0,1,4,1,0,0,65,168,23,3,13762.18629
34,28,2010,8,3,1,118,10,10,37,4.2,93,0,1,0,0,0,0,83,172,28,4,13847.02634
34,28,2010,8,3,1,118,10,10,37,4.2,93,0,1,0,0,0,0,83,172,28,5,13769.37061
24,28,2010,8,3,1,246,25,16,41,4.2,93,0,1,0,1,0,0,67,170,23,4,13848.97364
24,28,2010,8,3,1,246,25,16,41,4.2,93,0,1,0,1,0,0,67,170,23,1,13778.27657
15,28,2010,8,5,1,291,31,12,40,4.2,93,0,1,1,1,0,1,73,171,25,4,13792.60851
15,28,2010,8,5,1,291,31,12,40,4.2,93,0,1,1,1,0,1,73,171,25,2,13765.45399
10,22,2010,9,3,4,361,52,3,28,4.4,87,0,1,1,1,0,4,80,172,27,8,14302.60477
22,23,2010,9,2,1,179,26,9,30,4.4,87,0,3,0,0,0,0,56,171,19,2,18177.11685
3,23,2010,9,2,1,179,51,18,38,4.4,87,0,1,0,1,0,0,89,170,31,4,14316.63336
14,23,2010,9,3,1,155,12,14,34,4.4,87,0,1,2,1,0,0,95,196,25,2,14349.80833
28,23,2010,9,4,1,225,26,9,28,4.4,87,0,1,1,0,0,2,69,169,24,1,14304.65368
33,23,2010,9,6,1,248,25,14,47,4.4,87,0,1,2,0,0,1,86,165,32,1,14321.70794
22,23,2010,9,6,1,179,26,9,30,4.4,87,0,3,0,0,0,0,56,171,19,8,18241.92989
13,23,2010,9,3,4,369,17,12,31,4.4,87,0,1,3,1,0,0,70,169,25,8,14302.73738
34,28,2010,9,3,1,118,10,10,37,4.4,87,0,1,0,0,0,0,83,172,28,3,14353.1039
24,28,2010,9,3,1,246,25,16,41,4.4,87,0,1,0,1,0,0,67,170,23,1,14390.12461
24,28,2010,9,3,1,246,25,16,41,4.4,87,0,1,0,1,0,0,67,170,23,1,14380.12584
15,28,2010,9,5,1,291,31,12,40,4.4,87,0,1,1,1,0,1,73,171,25,2,14339.36884
28,0,2010,10,2,4,225,26,9,28,4.7,91,1,1,1,0,0,2,69,169,24,0,15302.47063
9,1,2010,10,4,4,228,14,16,58,4.7,91,0,1,2,0,0,1,65,172,22,1,15392.3611
32,4,2010,10,5,4,289,48,29,49,4.7,91,0,1,0,0,0,2,108,172,36,1,15503.17493
25,6,2010,10,2,4,235,16,8,32,4.7,91,0,3,0,0,0,0,75,178,25,8,19021.47472
33,10,2010,10,2,4,248,25,14,47,4.7,91,0,1,2,0,0,1,86,165,32,8,15310.79733
13,10,2010,10,5,4,369,17,12,31,4.7,91,0,1,3,1,0,0,70,169,25,8,15351.84585
28,10,2010,10,6,4,225,26,9,28,4.7,91,0,1,1,0,0,2,69,169,24,3,15316.77157
13,10,2010,10,6,4,369,17,12,31,4.7,91,0,1,3,1,0,0,70,169,25,8,15337.1741
25,11,2010,10,5,4,235,16,8,32,4.7,91,0,3,0,0,0,0,75,178,25,3,19027.29712
28,13,2010,10,3,4,225,26,9,28,4.7,91,0,1,1,0,0,2,69,169,24,3,15300.33243
28,13,2010,10,5,4,225,26,9,28,4.7,91,0,1,1,0,0,2,69,169,24,1,15350.89119
32,14,2010,10,4,4,289,48,29,49,4.7,91,0,1,0,0,0,2,108,172,36,3,15468.26145
6,23,2010,10,2,4,189,29,13,33,4.7,91,0,1,2,0,0,2,69,167,25,8,15314.95064
34,23,2010,10,3,4,118,10,10,37,4.7,91,0,1,0,0,0,0,83,172,28,2,15449.17128
28,23,2010,10,3,4,225,26,9,28,4.7,91,0,1,1,0,0,2,69,169,24,2,15442.38392
28,23,2010,10,3,4,225,26,9,28,4.7,91,0,1,1,0,0,2,69,169,24,4,15424.66007
13,23,2010,10,3,4,369,17,12,31,4.7,91,0,1,3,1,0,0,70,169,25,8,15431.93971
13,23,2010,10,3,4,369,17,12,31,4.7,91,0,1,3,1,0,0,70,169,25,3,15429.60481
15,23,2010,10,4,4,291,31,12,40,4.7,91,0,1,1,1,0,1,73,171,25,1,15382.85449
32,23,2010,10,5,4,289,48,29,49,4.7,91,0,1,0,0,0,2,108,172,36,2,15444.39727
15,23,2010,10,6,4,291,31,12,40,4.7,91,0,1,1,1,0,1,73,171,25,1,15443.55992
13,26,2010,10,3,4,369,17,12,31,4.7,91,0,1,3,1,0,0,70,169,25,8,15419.67891
24,26,2010,10,6,4,246,25,16,41,4.7,91,0,1,0,1,0,0,67,170,23,8,15477.10604
15,28,2010,10,4,4,291,31,12,40,4.7,91,0,1,1,1,0,1,73,171,25,2,15458.85488
3,28,2010,10,4,4,179,51,18,38,4.7,91,0,1,0,1,0,0,89,170,31,3,15394.98666
15,0,2010,11,3,4,291,31,12,40,4.5,93,1,1,1,1,0,1,73,171,25,0,14876.27735
11,0,2010,11,4,4,289,36,13,33,4.5,93,1,1,2,1,0,1,90,172,30,0,14875.82117
5,0,2010,11,5,4,235,20,13,43,4.5,93,1,1,1,1,0,0,106,167,38,0,14867.53706
25,1,2010,11,6,4,235,16,8,32,4.5,93,0,3,0,0,0,0,75,178,25,8,18755.2212
18,2,2010,11,4,4,330,16,4,28,4.5,93,0,2,0,0,0,0,84,182,25,24,17141.54691
34,8,2010,11,3,4,118,10,10,37,4.5,93,0,1,0,0,0,0,83,172,28,8,14891.17561
34,9,2010,11,3,4,118,10,10,37,4.5,93,0,1,0,0,0,0,83,172,28,8,14923.80485
34,13,2010,11,5,4,118,10,10,37,4.5,93,0,1,0,0,0,0,83,172,28,2,14905.10033
33,14,2010,11,5,4,248,25,14,47,4.5,93,0,1,2,0,0,1,86,165,32,4,14870.24985
28,14,2010,11,5,4,225,26,9,28,4.5,93,0,1,1,0,0,2,69,169,24,3,14901.78844
3,21,2010,11,3,4,179,51,18,38,4.5,93,0,1,0,1,0,0,89,170,31,1,14931.11286
10,22,2010,11,3,4,361,52,3,28,4.5,93,0,1,1,1,0,4,80,172,27,8,14912.57626
34,23,2010,11,2,4,118,10,10,37,4.5,93,0,1,0,0,0,0,83,172,28,8,14893.13573
28,23,2010,11,3,4,225,26,9,28,4.5,93,0,1,1,0,0,2,69,169,24,2,14891.06835
28,23,2010,11,6,4,225,26,9,28,4.5,93,0,1,1,0,0,2,69,169,24,4,14917.03038
28,23,2010,11,6,4,225,26,9,28,4.5,93,0,1,1,0,0,2,69,169,24,2,14860.30931
11,24,2010,11,4,4,289,36,13,33,4.5,93,0,1,2,1,0,1,90,172,30,8,14922.85128
13,26,2010,11,6,4,369,17,12,31,4.5,93,0,1,3,1,0,0,70,169,25,8,14855.40949
10,28,2010,11,2,4,361,52,3,28,4.5,93,0,1,1,1,0,4,80,172,27,2,14839.2777
3,28,2010,11,2,4,179,51,18,38,4.5,93,0,1,0,1,0,0,89,170,31,1,14896.4142
34,28,2010,11,4,4,118,10,10,37,4.5,93,0,1,0,0,0,0,83,172,28,3,14927.73185
15,28,2010,11,4,4,291,31,12,40,4.5,93,0,1,1,1,0,1,73,171,25,2,14907.10965
3,28,2010,11,6,4,179,51,18,38,4.5,93,0,1,0,1,0,0,89,170,31,1,14924.32452
22,13,2010,12,3,4,179,26,9,30,4.7,98,0,3,0,0,0,0,56,171,19,16,18960.32524
3,13,2010,12,3,4,179,51,18,38,4.7,98,0,1,0,1,0,0,89,170,31,32,15192.18769
22,13,2010,12,6,4,179,26,9,30,4.7,98,0,3,0,0,0,0,56,171,19,1,18961.63914
10,14,2010,12,5,4,361,52,3,28,4.7,98,0,1,1,1,0,4,80,172,27,4,15162.42696
14,18,2010,12,3,2,155,12,14,34,4.7,98,0,1,2,1,0,0,95,196,25,80,15128.93456
12,18,2010,12,2,4,233,51,1,31,4.7,98,0,2,1,1,0,8,68,178,21,8,17232.51846
17,18,2010,12,6,4,179,22,17,40,4.7,98,0,2,2,0,1,0,63,170,22,2,17238.38597
28,23,2010,12,2,4,225,26,9,28,4.7,98,0,1,1,0,0,2,69,169,24,2,15136.32903
28,23,2010,12,3,4,225,26,9,28,4.7,98,0,1,1,0,0,2,69,169,24,2,15150.78552
28,23,2010,12,4,4,225,26,9,28,4.7,98,0,1,1,0,0,2,69,169,24,3,15190.14143
28,23,2010,12,4,4,225,26,9,28,4.7,98,0,1,1,0,0,2,69,169,24,3,15165.20231
28,23,2010,12,5,4,225,26,9,28,4.7,98,0,1,1,0,0,2,69,169,24,3,15147.44714
28,23,2010,12,6,4,225,26,9,28,4.7,98,0,1,1,0,0,2,69,169,24,3,15181.6055
5,26,2010,12,6,4,235,20,13,43,4.7,98,0,1,1,1,0,0,106,167,38,8,15151.18066
15,28,2010,12,4,4,291,31,12,40,4.7,98,0,1,1,1,0,1,73,171,25,1,15191.29745
32,10,2011,1,5,2,289,48,29,49,5.2,96,0,1,0,0,0,2,108,172,36,8,16090.1905
22,12,2011,1,2,2,179,26,9,30,5.2,96,0,3,0,0,0,0,56,171,19,24,19496.96737
22,12,2011,1,5,2,179,26,9,30,5.2,96,0,3,0,0,0,0,56,171,19,16,19423.31517
22,13,2011,1,2,2,179,26,9,30,5.2,96,0,3,0,0,0,0,56,171,19,3,19387.18726
11,13,2011,1,4,2,289,36,13,33,5.2,96,0,1,2,1,0,1,90,172,30,8,16065.5673
14,18,2011,1,3,2,155,12,14,34,5.2,96,0,1,2,1,0,0,95,196,25,8,16088.15516
17,18,2011,1,6,2,179,22,17,40,5.2,96,0,2,2,0,1,0,63,170,22,3,17342.94841
17,25,2011,1,4,2,179,22,17,40,5.2,96,0,2,2,0,1,0,63,170,22,2,17366.57495
17,25,2011,1,5,2,179,22,17,40,5.2,96,0,2,2,0,1,0,63,170,22,2,17388.02035
17,25,2011,1,6,2,179,22,17,40,5.2,96,0,2,2,0,1,0,63,170,22,2,17368.11909
22,27,2011,1,2,2,179,26,9,30,5.2,96,0,3,0,0,0,0,56,171,19,2,19327.78268
22,27,2011,1,4,2,179,26,9,30,5.2,96,0,3,0,0,0,0,56,171,19,2,19309.27106
3,27,2011,1,4,2,179,51,18,38,5.2,96,0,1,0,1,0,0,89,170,31,3,16073.84926
3,27,2011,1,5,2,179,51,18,38,5.2,96,0,1,0,1,0,0,89,170,31,3,16064.99591
3,27,2011,1,6,2,179,51,18,38,5.2,96,0,1,0,1,0,0,89,170,31,2,16063.45871
33,1,2011,2,4,2,248,25,14,47,4.4,97,0,1,2,0,0,1,86,165,32,8,14519.63674
28,7,2011,2,2,2,225,26,9,28,4.4,97,0,1,1,0,0,2,69,169,24,2,14434.81444
28,7,2011,2,3,2,225,26,9,28,4.4,97,0,1,1,0,0,2,69,169,24,8,14499.57941
12,12,2011,2,4,2,233,51,1,31,4.4,97,0,2,1,1,0,8,68,178,21,3,17042.65586
3,13,2011,2,3,2,179,51,18,38,4.4,97,0,1,0,1,0,0,89,170,31,8,14535.99071
22,13,2011,2,5,2,179,26,9,30,4.4,97,0,3,0,0,0,0,56,171,19,2,18366.57454
3,13,2011,2,5,2,179,51,18,38,4.4,97,0,1,0,1,0,0,89,170,31,8,14460.04652
12,19,2011,2,2,2,233,51,1,31,4.4,97,0,2,1,1,0,8,68,178,21,2,17048.20304
33,23,2011,2,3,2,248,25,14,47,4.4,97,0,1,2,0,0,1,86,165,32,2,14431.77361
28,23,2011,2,3,2,225,26,9,28,4.4,97,0,1,1,0,0,2,69,169,24,3,14522.8635
17,23,2011,2,6,2,179,22,17,40,4.4,97,0,2,2,0,1,0,63,170,22,2,17043.76916
25,25,2011,2,2,2,235,16,8,32,4.4,97,0,3,0,0,0,0,75,178,25,3,18305.79173
14,25,2011,2,2,2,155,12,14,34,4.4,97,0,1,2,1,0,0,95,196,25,5,14453.59554
28,25,2011,2,3,2,225,26,9,28,4.4,97,0,1,1,0,0,2,69,169,24,2,14424.45414
28,25,2011,2,5,2,225,26,9,28,4.4,97,0,1,1,0,0,2,69,169,24,3,14472.82704
25,25,2011,2,6,2,235,16,8,32,4.4,97,0,3,0,0,0,0,75,178,25,2,18286.66358
3,27,2011,2,2,2,179,51,18,38,4.4,97,0,1,0,1,0,0,89,170,31,2,14504.36458
3,27,2011,2,2,2,179,51,18,38,4.4,97,0,1,0,1,0,0,89,170,31,2,14451.8312
3,27,2011,2,3,2,179,51,18,38,4.4,97,0,1,0,1,0,0,89,170,31,2,14434.79867
22,27,2011,2,4,2,179,26,9,30,4.4,97,0,3,0,0,0,0,56,171,19,2,18324.44634
3,27,2011,2,4,2,179,51,18,38,4.4,97,0,1,0,1,0,0,89,170,31,2,14514.36395
3,27,2011,2,4,2,179,51,18,38,4.4,97,0,1,0,1,0,0,89,170,31,3,14478.39922
3,27,2011,2,4,2,179,51,18,38,4.4,97,0,1,0,1,0,0,89,170,31,2,14470.4111
3,27,2011,2,4,2,179,51,18,38,4.4,97,0,1,0,1,0,0,89,170,31,2,14404.07908
22,27,2011,2,5,2,179,26,9,30,4.4,97,0,3,0,0,0,0,56,171,19,2,18384.13183
3,27,2011,2,5,2,179,51,18,38,4.4,97,0,1,0,1,0,0,89,170,31,2,14510.22627
3,27,2011,2,5,2,179,51,18,38,4.4,97,0,1,0,1,0,0,89,170,31,3,14473.59365
3,27,2011,2,5,2,179,51,18,38,4.4,97,0,1,0,1,0,0,89,170,31,2,14392.52941
3,27,2011,2,6,2,179,51,18,38,4.4,97,0,1,0,1,0,0,89,170,31,2,14510.04496
3,27,2011,2,6,2,179,51,18,38,4.4,97,0,1,0,1,0,0,89,170,31,3,14472.27717
3,27,2011,2,6,2,179,51,18,38,4.4,97,0,1,0,1,0,0,89,170,31,2,14458.20881
28,28,2011,2,5,2,225,26,9,28,4.4,97,0,1,1,0,0,2,69,169,24,3,14513.98777
29,28,2011,2,6,2,225,15,15,41,4.4,97,0,4,2,1,0,2,94,182,28,2,21374.57105
28,7,2011,3,2,2,225,26,9,28,3.7,99,0,1,1,0,0,2,69,169,24,8,11231.88749
3,10,2011,3,2,2,179,51,18,38,3.7,99,0,1,0,1,0,0,89,170,31,4,11360.48734
9,12,2011,3,3,2,228,14,16,58,3.7,99,0,1,2,0,0,1,65,172,22,112,11676.86364
33,13,2011,3,2,2,248,25,14,47,3.7,99,0,1,2,0,0,1,86,165,32,2,11308.51734
3,13,2011,3,3,2,179,51,18,38,3.7,99,0,1,0,1,0,0,89,170,31,8,11428.48202
22,13,2011,3,2,3,179,26,9,30,3.7,99,0,3,0,0,0,0,56,171,19,2,17430.81626
14,13,2011,3,4,3,155,12,14,34,3.7,99,0,1,2,1,0,0,95,196,25,24,10980.31726
10,19,2011,3,2,2,361,52,3,28,3.7,99,0,1,1,1,0,4,80,172,27,8,11458.04545
11,19,2011,3,2,3,289,36,13,33,3.7,99,0,1,2,1,0,1,90,172,30,104,10917.54278
13,22,2011,3,4,3,369,17,12,31,3.7,99,0,1,3,1,0,0,70,169,25,8,10722.94104
33,23,2011,3,2,2,248,25,14,47,3.7,99,0,1,2,0,0,1,86,165,32,2,11733.50854
11,23,2011,3,4,2,289,36,13,33,3.7,99,0,1,2,1,0,1,90,172,30,8,11203.41718
33,23,2011,3,5,2,248,25,14,47,3.7,99,0,1,2,0,0,1,86,165,32,3,11191.04933
22,23,2011,3,6,2,179,26,9,30,3.7,99,0,3,0,0,0,0,56,171,19,2,17443.41853
16,23,2011,3,4,3,118,15,24,46,3.7,99,0,1,2,1,1,0,75,175,25,8,11006.59724
25,25,2011,3,2,2,235,16,8,32,3.7,99,0,3,0,0,0,0,75,178,25,3,17462.35808
33,25,2011,3,3,2,248,25,14,47,3.7,99,0,1,2,0,0,1,86,165,32,3,11679.73358
9,25,2011,3,3,2,228,14,16,58,3.7,99,0,1,2,0,0,1,65,172,22,3,11699.73886
9,25,2011,3,4,2,228,14,16,58,3.7,99,0,1,2,0,0,1,65,172,22,2,11200.52227
28,25,2011,3,5,2,225,26,9,28,3.7,99,0,1,1,0,0,2,69,169,24,2,11564.21967
3,27,2011,3,2,2,179,51,18,38,3.7,99,0,1,0,1,0,0,89,170,31,2,11757.97446
3,27,2011,3,2,2,179,51,18,38,3.7,99,0,1,0,1,0,0,89,170,31,3,11306.81089
3,27,2011,3,3,2,179,51,18,38,3.7,99,0,1,0,1,0,0,89,170,31,2,11218.54057
3,27,2011,3,4,2,179,51,18,38,3.7,99,0,1,0,1,0,0,89,170,31,2,11614.69069
3,27,2011,3,4,2,179,51,18,38,3.7,99,0,1,0,1,0,0,89,170,31,2,11423.02597
3,27,2011,3,4,2,179,51,18,38,3.7,99,0,1,0,1,0,0,89,170,31,2,11199.90125
28,27,2011,3,5,2,225,26,9,28,3.7,99,0,1,1,0,0,2,69,169,24,2,11613.39609
3,27,2011,3,5,2,179,51,18,38,3.7,99,0,1,0,1,0,0,89,170,31,3,11609.28717
3,27,2011,3,5,2,179,51,18,38,3.7,99,0,1,0,1,0,0,89,170,31,3,11391.7261
3,27,2011,3,5,2,179,51,18,38,3.7,99,0,1,0,1,0,0,89,170,31,3,11120.29053
22,27,2011,3,6,2,179,26,9,30,3.7,99,0,3,0,0,0,0,56,171,19,3,17466.75251
22,27,2011,3,6,2,179,26,9,30,3.7,99,0,3,0,0,0,0,56,171,19,2,17447.95116
3,27,2011,3,6,2,179,51,18,38,3.7,99,0,1,0,1,0,0,89,170,31,3,11060.55773
3,27,2011,3,3,3,179,51,18,38,3.7,99,0,1,0,1,0,0,89,170,31,3,11008.0088
3,27,2011,3,4,3,179,51,18,38,3.7,99,0,1,0,1,0,0,89,170,31,3,10960.32197
3,27,2011,3,5,3,179,51,18,38,3.7,99,0,1,0,1,0,0,89,170,31,3,10935.81799
13,7,2011,4,2,3,369,17,12,31,4.1,91,0,1,3,1,0,0,70,169,25,24,13725.84408
34,10,2011,4,2,3,118,10,10,37,4.1,91,0,1,0,0,0,0,83,172,28,8,13737.62119
34,10,2011,4,4,3,118,10,10,37,4.1,91,0,1,0,0,0,0,83,172,28,2,13706.65953
28,13,2011,4,2,3,225,26,9,28,4.1,91,0,1,1,0,0,2,69,169,24,8,13761.67799
6,13,2011,4,5,3,189,29,13,33,4.1,91,0,1,2,0,0,2,69,167,25,8,13727.79915
36,14,2011,4,5,3,118,13,18,50,4.1,91,0,1,1,1,0,0,98,178,31,2,13671.34614
25,16,2011,4,3,3,235,16,8,32,4.1,91,0,3,0,0,0,0,75,178,25,3,18010.80901
17,16,2011,4,3,3,179,22,17,40,4.1,91,0,2,2,0,1,0,63,170,22,2,17005.90534
28,19,2011,4,2,3,225,26,9,28,4.1,91,0,1,1,0,0,2,69,169,24,8,13688.55188
10,19,2011,4,3,3,361,52,3,28,4.1,91,0,1,1,1,0,4,80,172,27,8,13735.31903
33,19,2011,4,4,3,248,25,14,47,4.1,91,0,1,2,0,0,1,86,165,32,8,13732.12342
28,19,2011,4,5,3,225,26,9,28,4.1,91,0,1,1,0,0,2,69,169,24,8,13672.02096
1,22,2011,4,6,3,235,11,14,37,4.1,91,0,3,1,0,0,1,88,172,29,8,18021.80031
36,23,2011,4,3,3,118,13,18,50,4.1,91,0,1,1,1,0,0,98,178,31,3,13722.90057
10,23,2011,4,3,3,361,52,3,28,4.1,91,0,1,1,1,0,4,80,172,27,2,13710.55503
22,27,2011,4,6,3,179,26,9,30,4.1,91,0,3,0,0,0,0,56,171,19,2,18113.3775
22,27,2011,4,6,3,179,26,9,30,4.1,91,0,3,0,0,0,0,56,171,19,2,18019.37936
22,27,2011,4,6,3,179,26,9,30,4.1,91,0,3,0,0,0,0,56,171,19,2,17866.40377
22,27,2011,4,6,3,179,26,9,30,4.1,91,0,3,0,0,0,0,56,171,19,2,17835.89907
14,28,2011,4,3,3,155,12,14,34,4.1,91,0,1,2,1,0,0,95,196,25,4,13672.94725
36,0,2011,5,3,3,118,13,18,50,4,99,1,1,1,1,0,0,98,178,31,0,12714.54925
23,0,2011,5,4,3,378,49,11,36,4,99,1,1,2,0,1,4,65,174,21,0,12663.4454
36,5,2011,5,3,3,118,13,18,50,4,99,0,1,1,1,0,0,98,178,31,3,12751.1465
28,6,2011,5,4,3,225,26,9,28,4,99,0,1,1,0,0,2,69,169,24,3,12634.94966
10,7,2011,5,2,3,361,52,3,28,4,99,0,1,1,1,0,4,80,172,27,8,12616.07882
34,8,2011,5,4,3,118,10,10,37,4,99,0,1,0,0,0,0,83,172,28,3,12812.05603
25,10,2011,5,2,3,235,16,8,32,4,99,0,3,0,0,0,0,75,178,25,8,17516.80737
14,10,2011,5,2,3,155,12,14,34,4,99,0,1,2,1,0,0,95,196,25,48,12650.00613
17,10,2011,5,4,3,179,22,17,40,4,99,0,2,2,0,1,0,63,170,22,8,16897.22667
18,10,2011,5,5,3,330,16,4,28,4,99,0,2,0,0,0,0,84,182,25,8,16892.77855
14,10,2011,5,6,3,155,12,14,34,4,99,0,1,2,1,0,0,95,196,25,8,12604.83218
28,11,2011,5,2,3,225,26,9,28,4,99,0,1,1,0,0,2,69,169,24,1,12572.06581
22,13,2011,5,5,3,179,26,9,30,4,99,0,3,0,0,0,0,56,171,19,1,17599.52685
29,14,2011,5,5,3,225,15,15,41,4,99,0,4,2,1,0,2,94,182,28,8,20524.95238
17,16,2011,5,6,3,179,22,17,40,4,99,0,2,2,0,1,0,63,170,22,1,16903.72281
29,19,2011,5,4,3,225,15,15,41,4,99,0,4,2,1,0,2,94,182,28,3,20647.49421
26,19,2011,5,6,3,300,26,13,43,4,99,0,1,2,1,1,1,77,175,25,64,12751.43997
1,22,2011,5,2,3,235,11,14,37,4,99,0,3,1,0,0,1,88,172,29,8,17649.38391
15,22,2011,5,4,3,291,31,12,40,4,99,0,1,1,1,0,1,73,171,25,8,12637.67584
29,22,2011,5,6,3,225,15,15,41,4,99,0,4,2,1,0,2,94,182,28,8,20479.92331
36,23,2011,5,2,3,118,13,18,50,4,99,0,1,1,1,0,0,98,178,31,2,12751.24284
14,23,2011,5,4,3,155,12,14,34,4,99,0,1,2,1,0,0,95,196,25,2,12605.67599
25,23,2011,5,5,3,235,16,8,32,4,99,0,3,0,0,0,0,75,178,25,2,17506.67991
17,25,2011,5,6,3,179,22,17,40,4,99,0,2,2,0,1,0,63,170,22,8,16888.43417
5,26,2011,5,4,3,235,20,13,43,4,99,0,1,1,1,0,0,106,167,38,8,12777.48002
22,27,2011,5,4,3,179,26,9,30,4,99,0,3,0,0,0,0,56,171,19,2,17550.47662
22,27,2011,5,6,3,179,26,9,30,4,99,0,3,0,0,0,0,56,171,19,2,17596.40536
22,27,2011,5,6,3,179,26,9,30,4,99,0,3,0,0,0,0,56,171,19,2,17501.39221
34,28,2011,5,3,3,118,10,10,37,4,99,0,1,0,0,0,0,83,172,28,1,12742.13946
25,28,2011,5,4,3,235,16,8,32,4,99,0,3,0,0,0,0,75,178,25,2,17635.71359
15,28,2011,5,5,3,291,31,12,40,4,99,0,1,1,1,0,1,73,171,25,2,12768.86905
15,28,2011,5,5,3,291,31,12,40,4,99,0,1,1,1,0,1,73,171,25,2,12616.74891
21,0,2011,6,2,3,268,11,8,33,4.6,96,1,2,0,0,0,0,79,178,25,0,17177.95596
2,0,2011,6,2,3,235,29,12,48,4.6,96,1,1,1,0,1,5,88,163,33,0,15007.33298
16,7,2011,6,4,3,118,15,24,46,4.6,96,0,1,2,1,1,0,75,175,25,8,15075.74188
34,8,2011,6,6,1,118,10,10,37,4.6,96,0,1,0,0,0,0,83,172,28,2,14971.46837
34,10,2011,6,4,1,118,10,10,37,4.6,96,0,1,0,0,0,0,83,172,28,3,14967.55843
34,10,2011,6,4,3,118,10,10,37,4.6,96,0,1,0,0,0,0,83,172,28,8,15041.15074
22,13,2011,6,2,1,179,26,9,30,4.6,96,0,3,0,0,0,0,56,171,19,3,18755.43695
22,13,2011,6,5,3,179,26,9,30,4.6,96,0,3,0,0,0,0,56,171,19,2,18761.71318
36,19,2011,6,5,3,118,13,18,50,4.6,96,0,1,1,1,0,0,98,178,31,24,15020.86165
36,19,2011,6,5,3,118,13,18,50,4.6,96,0,1,1,1,0,0,98,178,31,3,15006.92701
12,19,2011,6,6,3,233,51,1,31,4.6,96,0,2,1,1,0,8,68,178,21,8,17187.45631
12,22,2011,6,4,1,233,51,1,31,4.6,96,0,2,1,1,0,8,68,178,21,3,17144.77604
12,22,2011,6,5,1,233,51,1,31,4.6,96,0,2,1,1,0,8,68,178,21,8,17148.50116
23,22,2011,6,5,3,378,49,11,36,4.6,96,0,1,2,0,1,4,65,174,21,8,15039.10522
34,25,2011,6,2,1,118,10,10,37,4.6,96,0,1,0,0,0,0,83,172,28,3,14985.88263
34,26,2011,6,6,3,118,10,10,37,4.6,96,0,1,0,0,0,0,83,172,28,8,15054.97526
22,27,2011,6,4,3,179,26,9,30,4.6,96,0,3,0,0,0,0,56,171,19,3,18811.79155
22,27,2011,6,6,3,179,26,9,30,4.6,96,0,3,0,0,0,0,56,171,19,2,18762.69922
15,28,2011,6,5,3,291,31,12,40,4.6,96,0,1,1,1,0,1,73,171,25,2,15005.75535
4,0,2011,7,3,1,118,14,13,40,4.5,95,0,1,1,1,0,8,98,170,34,0,14951.69411
8,0,2011,7,4,2,231,35,14,39,4.5,95,0,1,2,1,0,2,100,170,35,0,14938.81966
35,0,2011,7,6,3,179,45,14,53,4.5,95,0,1,1,0,0,1,77,175,25,0,14934.90064
9,6,2011,7,2,1,228,14,16,58,4.4,93,0,1,2,0,0,1,65,172,22,8,14590.81534
9,6,2011,7,3,1,228,14,16,58,4.4,93,0,1,2,0,0,1,65,172,22,120,14579.88672
1,11,2011,7,3,1,235,11,14,37,4.4,93,0,3,1,0,0,1,88,172,29,4,18390.19318
13,13,2011,7,2,1,369,17,12,31,4.4,93,0,1,3,1,0,0,70,169,25,80,14542.48468
11,14,2011,7,3,1,289,36,13,33,4.4,93,0,1,2,1,0,1,90,172,30,8,14537.71244
12,19,2011,7,6,1,233,51,1,31,4.4,93,0,2,1,1,0,8,68,178,21,2,17058.94008
6,22,2011,7,3,1,189,29,13,33,4.4,93,0,1,2,0,0,2,69,167,25,16,14578.91841
28,22,2011,7,4,1,225,26,9,28,4.4,93,0,1,1,0,0,2,69,169,24,8,14563.2578
10,22,2011,7,4,1,361,52,3,28,4.4,93,0,1,1,1,0,4,80,172,27,8,14571.84353
34,23,2011,7,4,1,118,10,10,37,4.4,93,0,1,0,0,0,0,83,172,28,2,14574.49039
5,26,2011,7,4,1,235,20,13,43,4.4,93,0,1,1,1,0,0,106,167,38,4,14603.96858
34,28,2011,7,2,1,118,10,10,37,4.4,93,0,1,0,0,0,0,83,172,28,4,14580.47953
